location,population,total_deaths,death_rate
Chile,19603736,62745,0.32007
India,1417173120,530658,0.03744
Italy,59037472,182419,0.30899
"United Kingdom",67508936,212766,0.31517
"United States",338289856,1084651,0.32063
